-- MySQL dump 10.13  Distrib 8.0.26, for Linux (x86_64)
--
-- Host: localhost    Database: pokedex
-- ------------------------------------------------------
-- Server version	8.0.26-0ubuntu0.20.04.2

/*!40101 SET @OLD_CHARACTER_SET_CLIENT=@@CHARACTER_SET_CLIENT */;
/*!40101 SET @OLD_CHARACTER_SET_RESULTS=@@CHARACTER_SET_RESULTS */;
/*!40101 SET @OLD_COLLATION_CONNECTION=@@COLLATION_CONNECTION */;
/*!50503 SET NAMES utf8 */;
/*!40103 SET @OLD_TIME_ZONE=@@TIME_ZONE */;
/*!40103 SET TIME_ZONE='+00:00' */;
/*!40014 SET @OLD_UNIQUE_CHECKS=@@UNIQUE_CHECKS, UNIQUE_CHECKS=0 */;
/*!40014 SET @OLD_FOREIGN_KEY_CHECKS=@@FOREIGN_KEY_CHECKS, FOREIGN_KEY_CHECKS=0 */;
/*!40101 SET @OLD_SQL_MODE=@@SQL_MODE, SQL_MODE='NO_AUTO_VALUE_ON_ZERO' */;
/*!40111 SET @OLD_SQL_NOTES=@@SQL_NOTES, SQL_NOTES=0 */;

--
-- Table structure for table `POKEMON`
--

DROP TABLE IF EXISTS `POKEMON`;
/*!40101 SET @saved_cs_client     = @@character_set_client */;
/*!50503 SET character_set_client = utf8mb4 */;
CREATE TABLE `POKEMON` (
  `id_pkmn` int NOT NULL AUTO_INCREMENT,
  `nro_pkmn` int(3) unsigned zerofill NOT NULL,
  `nombre` varchar(45) NOT NULL,
  `tipo1` int DEFAULT NULL,
  `tipo2` int DEFAULT '19',
  `descripcion` varchar(255) DEFAULT NULL,
  `mostrar` tinyint DEFAULT '1',
  PRIMARY KEY (`id_pkmn`),
  UNIQUE KEY `nro_pkmn_UNIQUE` (`nro_pkmn`),
  UNIQUE KEY `nombre_UNIQUE` (`nombre`),
  KEY `fk_tipoid_tipo1_idx` (`tipo1`),
  KEY `fk_tipoid_tipo2_idx` (`tipo2`),
  CONSTRAINT `fk_tipoid_tipo1` FOREIGN KEY (`tipo1`) REFERENCES `TIPO` (`id_tipo`),
  CONSTRAINT `fk_tipoid_tipo2` FOREIGN KEY (`tipo2`) REFERENCES `TIPO` (`id_tipo`)
) ENGINE=InnoDB AUTO_INCREMENT=177 DEFAULT CHARSET=utf8mb4 COLLATE=utf8mb4_0900_ai_ci;
/*!40101 SET character_set_client = @saved_cs_client */;

--
-- Dumping data for table `POKEMON`
--

LOCK TABLES `POKEMON` WRITE;
/*!40000 ALTER TABLE `POKEMON` DISABLE KEYS */;
INSERT INTO `POKEMON` VALUES (1,001,'Bulbasaur',12,17,'Este Pokémon nace con una semilla en el lomo, que brota con el paso del tiempo.',1),(4,002,'Ivysaur',12,17,'Cuando le crece bastante el bulbo del lomo, pierde la capacidad de erguirse sobre las patas traseras.',1),(5,003,'Venusaur',12,17,'La flor que tiene en el lomo libera un delicado aroma, que tiene un efecto relajante en combate.',1),(6,004,'Charmander',7,19,'El fuego en la punta de la cola es una medida de su vida. Si está sano, su cola arde intensamente.',1),(7,005,'Charmeleon',7,19,'Si se agita durante la batalla, se escupe llamas intensas, incinerando todo a sus alrededores.',1),(8,006,'Charizard',7,18,'Escupe fuego tan caliente que funde las rocas. Puede causar los incendios forestales al soplar las llamas.',1),(9,007,'Squirtle',2,19,'Cuando retrae su largo cuello en el caparazón, dispara agua a una presión increíble.',1),(10,008,'Wartotle',2,19,'Se lo considera un símbolo de longevidad. Los ejemplares más ancianos tienen musgo sobre el caparazón.',1),(11,009,'Blastoise',2,19,'Para acabar con su enemigo, lo aplasta con el peso de su cuerpo. En momentos de apuro, se esconde en el caparazón.',1),(12,010,'Caterpie',3,19,'Sus cortas patas están recubiertas de ventosas que le permiten subir incansable por muros y cuestas.',1),(13,011,'Metapod',3,19,'Como en este estado solo puede endurecer su coraza, permanece inmóvil a la espera de evolucionar.',1),(14,012,'Butterfree',3,18,'Le encanta la miel de las flores y pueden localizar los parches de flores que tienen incluso cantidades muy pequeñas de polen.',1),(15,013,'Weedle',3,17,'Se encuentra a menudo en los bosques y praderas. Cuenta con una púa afilada, tóxica cerca de dos pulgadas en la parte superior de su cabeza.',1),(16,014,'Kakuna',3,17,'A la espera de la evolución, se esconde debajo de las hojas de los depredadores y en los rincones de las ramas.',1),(17,015,'Beedrill',3,17,'Su mejor ataque consiste en volar alrededor a gran velocidad, golpeando con las agujas de veneno, y luego volando.',1),(18,016,'Pidgey',11,18,'Es dócil y prefiere evitar el conflicto. Si se les molesta, sin embargo, puede devolver el golpe feroz.',1),(19,017,'Pidgeotto',11,18,'Vuela por su amplio territorio en busca de presas, berribandolas con sus garras muy desarrolladas.',1),(21,018,'Pidgeot',11,18,'Aleteo sus alas con toda su fuerza, Pidgeot puede hacer una ráfaga de viento capaz de doblar grandes árboles.',1),(22,019,'Rattata',11,19,'Cauteloso en extremo, su vitalidad robusta le permite vivir en cualquier tipo de ambiente.',1),(26,020,'Raticate',11,19,' Se le disminuye sus colmillos en constante crecimiento al roer las cosas difíciles. Se puede masticar, aparte muros de ceniza.',1),(27,021,'Spearow',11,18,'Se bate sus alas para volar pequeños espacios. A través de su pico, busca en la hierba su presa.',1),(28,022,'Fearow',11,18,'Tiene la energía para seguir volando todo el día en sus amplias alas. Combate con su pico afilado.',1),(29,023,'Ekans',17,19,'Se cuela a través de hierba sin hacer ruido y golpea a sus presas por la espalda.',1),(30,024,'Arbok',17,19,'El patrón en su vientre parece ser una cara espantosa. Enemigos débiles huirán sólo al ver ese patrón.',1),(31,025,'Pikachu',5,19,'Se almacena la electricidad en los sacos eléctricos en sus mejillas. Cuando se libera la energía acumulada en una ráfaga, la energía eléctrica es igual a un rayo.',1),(32,026,'Raichu',5,19,'Si se almacena demasiada electricidad, su comportamiento se vuelve agresivo. Para evitar esto, ocasionalmente vierte su energía en exceso y se calma por sí mismo.',1),(33,027,'Sandshrew',16,19,'Para protegerse de los atacantes, se enrolla en una bola. Vive en las regiones áridas, con lluvias mínimas.',1),(34,028,'Sandslash',16,19,'Se enrolla en una bola para protegerse de los ataques enemigos. También se acurruca para evitar un golpe de calor durante el día cuando las temperaturas suben bruscamente.',1),(35,029,'Nidoran F',17,19,'Aunque no le gusta luchar, una sola gota del veneno de púas puede resultar fatal.',1),(36,030,'Nidorina',17,19,'Cuando el peligro se cierne sobre la manada, los miembros unen fuerzas para defenderse emitiendo un coro de ondas ultrasónicas.',1),(37,031,'Nidoqueen',17,16,'Su cuerpo está blindado con escamas duras. Protegerá a los jóvenes en su madriguera, con su vida.',1),(38,032,'Nidoran M',17,19,'Analiza sus alrededores, aumentando sus oídos de la hierba. Su cuerno es tóxico para su protección.',1),(39,033,'Nidorino',17,19,'Se enoja fácilmente. Haciendo pivotar su bien desarrollado cuerno salvaje, puede incluso atravesar el diamante.',1),(40,034,'Nidoking',17,16,'Presume de su hercúlea fuerza y combate vigorosamente con su robusta cola y su cuerno, con el que hasta puede pulverizar diamantes.',1),(41,035,'Clefairy',8,19,'Su aspecto adorable hace que sea muy popular como mascota. Sin embargo, es raro y difícil de encontrar.',1),(42,036,'Clefable',8,19,'Su oído es tan fino que puede percibir cómo cae una aguja a 1 km de distancia. Por eso suele habitar en lugares tranquilos.',1),(43,037,'Vulpix',7,19,'De pequeño, tiene seis colas de gran belleza. A medida que crece, le van saliendo más.',1),(44,038,'Ninetales',7,19,'Desde hace tiempo se dice que cada una de las nueve colas encarna un poder mágico. Ninetales es de larga vida y tiene una piel que brilla como el oro.',1),(45,039,'Jigglypuff',11,8,'Su capacidad pulmonar es excepcional, incluso para un Pokémon. Es capaz de cantar nanas sin cesar hasta que su rival se duerma.',1),(46,040,'Wigglytuff',11,8,'Cuanto más aire inhala, más aumenta de tamaño. Si se enfada, hincha el cuerpo con el fin de intimidar a su oponente.',1),(47,041,'Zubat',17,18,'Emite ondas ultrasónicas por la boca para escrutar el entorno, lo que le permite volar con pericia por cuevas angostas.',1),(48,042,'Golbat',17,18,'Le encanta chuparles la sangre a los seres vivos. En ocasiones comparte la preciada colecta con otros congéneres hambrientos.',1),(49,043,'Oddish',12,17,'Se mueve al exponerse a la luz de la luna. Merodea por la noche para esparcir sus semillas.',1),(50,044,'Gloom',12,17,'Libera un fétido olor por los pistilos. El fuerte hedor hace perder el conocimiento a cualquiera que se encuentre en un radio de 2 km.',1),(51,045,'Vileplume',12,17,'Tiene los pétalos más grandes del mundo. Al caminar, de ellos se desprenden densas nubes de polen tóxico.',1),(52,046,'Paras',3,12,'Escarba en el suelo para extraer nutrientes de las raíces de los árboles, que las setas del lomo absorben después casi por completo.',1),(53,047,'Parasect',3,12,'Tras largo tiempo absorbiendo la energía del huésped, la seta parásita del lomo es la que parece controlar la voluntad de este Pokémon.',1),(54,048,'Venonat',3,17,'Sus grandes ojos actúan como radares. A plena luz se percibe que son, en realidad, grupos de ojos diminutos.',1),(55,049,'Venomoth',3,17,'Las alas desprenden un polvillo de escamas impregnado de toxinas que se adhiere al contacto y resulta difícil de quitar.',1),(56,050,'Diglett',16,19,'Si un Diglett excava un terreno, lo deja perfectamente arado y preparado para sembrarlo.',1),(57,051,'Dugtrio',16,19,'Un trío de Diglett. Causa enormes terremotos al cavar en el subsuelo a profundidades de hasta 100 km.',1),(58,052,'Meowth',11,19,'Le encanta reunir objetos brillantes. Cuando está de buen humor, hasta le muestra la colección a su Entrenador.',1),(59,053,'Persian',11,19,'Trabar amistad con este Pokémon es una ardua tarea debido a su enorme orgullo. Cuando algo no le place, saca las uñas de inmediato.',1),(60,054,'Psyduck',2,19,'Siempre padece dolores de cabeza. Tras desatar sus misteriosos poderes, la jaqueca remite unos instantes.',1),(61,055,'Golduck',2,19,'Habita en ríos de aguas plácidas. Sus largas extremidades le permiten nadar con gracilidad.',1),(62,056,'Mankey',10,19,'Este ágil Pokémon vive en los árboles. Se enfada con facilidad y, cuando lo hace, se abalanza contra todo lo que se encuentre a su alrededor.',1),(63,057,'Primeape',10,19,'Solo se calma cuando no hay nadie cerca, por lo que llegar a ver ese momento resulta verdaderamente difícil.',1),(64,058,'Growlithe',7,19,'De naturaleza valiente y honrada, se enfrenta sin miedo a enemigos más grandes y fuertes.',1),(65,059,'Arcanine',7,19,'Es capaz de correr 10 000 km al día, lo que deja embelesados a todos los que lo ven pasar.',1),(66,060,'Poliwag',2,19,'Es más ágil en el agua que en la tierra. La espiral de su vientre no es más que parte de sus vísceras que se ven a través de la piel.',1),(67,061,'Poliwhirl',2,19,'Mirar fijamente la espiral de su vientre provoca somnolencia, por lo que puede usarse como alternativa a las nanas para dormir a los niños.',1),(87,062,'Poliwrath',2,10,'Su cuerpo es puro músculo. Logra abrirse paso por aguas gélidas partiendo el hielo con sus fornidos brazos.',1),(88,063,'Abra',13,19,'Es capaz de usar sus poderes psíquicos aun estando dormido. Al parecer, el contenido del sueño influye en sus facultades.',1),(89,064,'Kadabra',13,19,'Duerme suspendido en el aire gracias a sus poderes psíquicos. La cola, de una flexibilidad extraordinaria, hace las veces de almohada.',1),(90,065,'Alakazam',13,19,'Posee una capacidad intelectual fuera de lo común que le permite recordar todo lo sucedido desde el instante de su nacimiento.',1),(91,066,'Machop',10,19,'Es una masa de músculos y, pese a su pequeño tamaño, tiene fuerza de sobra para levantar en brazos a 100 personas.',1),(92,067,'Machoke',10,19,'Su musculoso cuerpo es tan fuerte que usa un cinto antifuerza para controlar sus movimientos.',1),(93,068,'Machamp',10,19,'Mueve rápidamente sus cuatro brazos para asestar incesantes golpes y puñetazos desde todos los ángulos.',1),(94,069,'Bellsprout',12,17,'Prefiere lugares cálidos y húmedos. Atrapa pequeños Pokémon insectos con sus lianas para devorarlos.',1),(95,070,'Weepinbell',12,17,'Cuando tiene hambre, engulle a todo lo que se mueve. La pobre presa acaba disuelta en sus ácidos.',1),(96,071,'Victreebel',12,17,'Atrae a su presa con un dulce aroma a miel. Una vez atrapada en la boca, la disuelve en tan solo un día, huesos incluidos.',1),(97,072,'Tentacool',2,17,'Sus facultades natatorias son más bien escasas, por lo que se limita a flotar a la deriva en aguas poco profundas en busca de alimento.',1),(98,073,'Tentacruel',2,17,'Si las esferas rojas que tiene a ambos lados de la cabeza brillan con intensidad, indica que está a punto de lanzar ondas ultrasónicas.',1),(99,074,'Geodude',14,16,'Se suele encontrar en senderos de montaña y sitios parecidos. Conviene andar con cuidado para no pisarlo sin querer y provocar su enfado.',1),(100,075,'Graveler',14,16,'Se le suele ver rodando montaña abajo. No evita los obstáculos, sino que los arrolla.',1),(101,076,'Golem',14,16,'Nada más mudar la piel, su cuerpo se vuelve blando y blanquecino, pero se endurece al poco tiempo de entrar en contacto con el aire.',1),(102,077,'Ponyta',7,19,'Al nacer es un poco lento, pero va fortaleciendo las patas paulatinamente al disputar carreras con sus congéneres.',1),(103,078,'Rapidash',7,19,'Su ardiente crin ondea al viento mientras atraviesa extensas praderas a una velocidad de 240 km/h.',1),(104,079,'Slowpoke',2,13,'Es lento y abstraído. Aunque le devoren la cola, ni siquiera se percata, ya que no siente ningún dolor. Tampoco nota cuando le vuelve a crecer.',1),(105,080,'Slowbro',2,13,'Se volvió bípedo por el impacto que le causó la mordedura del Shellder. Si este se desprende, vuelve a convertirse en un Slowpoke.',1),(106,081,'Magnemite',5,1,'A veces se desploman al suelo tras agotar su suministro eléctrico interno, pero basta una pequeña batería para reanimarlos.',1),(107,082,'Magneton',5,1,'Este Pokémon, surgido de la unión de tres Magnemite, genera potentes ondas de radio con las que examina el entorno.',1),(108,083,'Farfetch\'d',11,18,'Blande el puerro que sujeta con un ala como si se tratase de una espada para rebanar a su rival. En caso de necesidad, se lo come para nutrirse.',1),(109,084,'Doduo',11,18,'Las diminutas alas apenas le permiten volar, pero puede correr a gran velocidad gracias a sus patas hiperdesarrolladas.',1),(110,085,'Dodrio',11,18,'Este Pokémon surge al dividirse una de las cabezas de Doduo. Es capaz de correr por las praderas a 60 km/h.',1),(111,086,'Seel',2,19,'Le encantan los lugares gélidos y disfruta nadando en aguas a temperaturas en torno a los -10 ºC.',1),(112,087,'Dewgong',2,9,'Su cuerpo es blanco como la nieve. Puede nadar plácidamente en mares gélidos gracias a su resistencia al frío.',1),(113,088,'Grimer',17,19,'Está hecho de lodo endurecido. Pocos se atreven a tocarlo debido a su pestilencia y composición nociva. Allá por donde pasa no crece la hierba.',1),(114,089,'Muk',17,19,'Huele tan mal que puede provocar desmayos. Su nariz se ha atrofiado de tal manera que ha perdido por completo el sentido del olfato.',1),(115,090,'Shellder',2,19,'Nada hacia atrás abriendo y cerrando su coraza. Es sorprendentemente rápido.',1),(116,091,'Cloyster',2,9,'La coraza que lo cubre es extremadamente dura, hasta el punto de que ni siquiera una bomba puede destrozarla. Solo se abre cuando ataca.',1),(117,092,'Gastly',6,17,'Nació a partir de gases venenosos que asfixiarían a cualquiera que se viera envuelto en ellos.',1),(118,093,'Haunter',6,17,'Su lengua está hecha de gas. Si lame a su víctima, esta sufrirá constantes temblores hasta fallecer.',1),(119,094,'Gengar',6,17,'Las noches de luna llena, a este Pokémon le gusta imitar las sombras de la gente y burlarse de sus miedos.',1),(120,095,'Onix',14,16,'Al abrirse paso bajo tierra, va absorbiendo todo lo que encuentra. Eso hace que su cuerpo sea así de sólido.',1),(121,096,'Drowzee',13,19,'Si se duerme siempre en compañía de un Pokémon de esta especie, puede mostrar sueños que haya ingerido con anterioridad.',1),(122,097,'Hypno',13,19,'Conviene evitar el contacto visual en caso de encontrarse con este Pokémon, ya que puede hipnotizar con su péndulo.',1),(123,098,'Krabby',2,19,'Es fácil encontrarlo cerca del mar. Las largas pinzas que tiene vuelven a crecer si se las quitan de su sitio.',1),(124,099,'Kingler',2,19,'Su gran pinza posee una potencia devastadora, pero su peso excesivo la convierte en un estorbo fuera del terreno de combate.',1),(125,100,'Voltorb',5,19,'Se dice que se camufla como una Poké Ball. Al más mínimo estímulo se autodestruirá.',1),(126,101,'Electrode',5,19,'Almacena tal cantidad de energía eléctrica en su cuerpo que el más leve impacto puede provocar una gran explosión.',1),(127,102,'Exeggcute',12,13,'Necesita contar con la totalidad de sus seis miembros para mantener la calma. Si desaparece uno siquiera, le entran ganas de salir huyendo.',1),(128,103,'Exeggutor',12,13,'Cada una de las tres cabezas piensa de forma independiente y apenas muestra interés por el resto.',1),(129,104,'Cubone',16,19,'Cuando llora al acordarse de su madre fallecida, su llanto resuena en el cráneo que lleva en la cabeza.',1),(130,105,'Marowak',16,19,'Al evolucionar, se ha fusionado con el cráneo de su madre y, además, ha adquirido un carácter agresivo.',1),(131,106,'Hitmonlee',10,19,'Este Pokémon tiene un sentido del equilibrio increíble. Puede dar patadas desde cualquier posición.',1),(132,107,'Hitmonchan',10,19,'Sus puñetazos cortan el aire. Son tan veloces que el mínimo roce podría causar una quemadura.',1),(133,108,'Lickitung',11,19,'Si sus lametones no se tratan a tiempo, su saliva pegajosa y urticante puede provocar picores persistentes.',1),(134,109,'Koffing',17,19,'Su cuerpo está lleno a rebosar de gas venenoso. Acude a los vertederos atraído por el putrefacto olor que emana de los desperdicios.',1),(135,110,'Weezing',17,19,'Usa sus dos cuerpos para mezclar gases. Según parece, en el pasado podían hallarse ejemplares por todos los rincones de Galar.',1),(136,111,'Rhyhorn',16,14,'Su inteligencia es limitada, aunque posee una fuerza tan considerable que le permite incluso derribar rascacielos con solo embestirlos.',1),(137,112,'Rhydon',16,14,'Cuando evoluciona, comienza a andar con las patas traseras. Es capaz de horadar rocas con el cuerno que tiene.',1),(138,113,'Chansey',11,19,'Este Pokémon solía ser lento de reflejos, pero ha desarrollado una gran velocidad para evitar que le roben sus preciados huevos.',1),(139,114,'Tangela',12,19,'Sus lianas no dejan de crecer aunque se le desprendan. Aún se desconoce qué aspecto tiene sin ellas.',1),(140,115,'Kangaskhan',11,19,'Se han documentado casos de Kangaskhan sin crías que han adoptado bebés humanos cuyos padres habían sido víctimas de accidentes.',1),(141,116,'Horsea',2,19,'Habita en mares de aguas tranquilas. Si se siente en peligro, expulsará por la boca una densa tinta negra para poder huir.',1),(142,117,'Seadra',2,19,'En esta especie, es el macho quien se ocupa de la prole. Durante la época de cría, el veneno de las púas de su espalda se vuelve más potente.',1),(143,118,'Goldeen',2,19,'Sus aletas pectorales, caudal y dorsal ondean gráciles en el agua. Por eso se le llama el Bailarín Acuático.',1),(144,119,'Seaking',2,19,'Perfora las piedras del lecho del río con su cuerno para hacer un nido y que la corriente no arrastre sus huevos.',1),(145,120,'Staryu',2,19,'A finales de verano, se pueden ver grupos de Staryu en la orilla de la playa sincronizando el brillo de sus núcleos a ritmo regular.',1),(146,121,'Starmie',2,13,'Su órgano central, conocido como núcleo, brilla con los colores del arcoíris cuando se dispone a liberar sus potentes poderes psíquicos.',1),(147,122,'Mr. Mime',13,8,'Domina con maestría la pantomima. La barrera generada con las ondas que emite por los dedos le permite protegerse de numerosos ataques.',1),(148,123,'Scyther',3,18,'Sus guadañas se vuelven más afiladas con cada combate. Es capaz de rebanar troncos gruesos de un tajo.',1),(149,124,'Jynx',9,13,'Los ejemplares que habitan en Galar poseen una voz tan delicada y hermosa que incluso cuentan con su propio grupo de admiradores.',1),(150,125,'Electabuzz',5,19,'Al desatarse una tormenta, se reúnen en torno a los árboles de mayor altura y esperan inmóviles a que caiga algún rayo.',1),(151,126,'Magmar',7,19,'Un Pokémon cuyo cuerpo está siempre envuelto en llamas. Es temido porque se lo considera un causante potencial de incendios.',1),(152,127,'Pinsir',3,19,'Usa la cornamenta a modo de pinza para atrapar a sus presas. Acto seguido, las parte por la mitad o las arroja lejos.',1),(153,128,'Tauros',11,19,'Los Tauros que habitan en la región de Galar son de temperamento irascible y no permiten que los humanos monten en su lomo.',1),(154,129,'Magikarp',2,19,'Es el Pokémon más débil y patético que existe, con una fuerza y velocidad prácticamente nulas.',1),(155,130,'Gyarados',2,18,'Es exageradamente agresivo. El Hiperrayo que lanza por la boca reduce a cenizas todo lo que encuentra.',1),(156,131,'Lapras',2,9,'Este Pokémon posee una notable inteligencia y un corazón de oro. Entona un canto melodioso mientras surca el mar.',1),(157,132,'Ditto',11,19,'Redistribuye las células de su cuerpo para cobrar la apariencia de lo que ve, pero vuelve a la normalidad al relajarse.',1),(158,133,'Eevee',11,19,'Su irregular estructura genética alberga el secreto de la capacidad que posee este Pokémon tan especial para adoptar evoluciones muy variadas.',1),(159,134,'Vaporeon',2,19,'La composición celular de su cuerpo es tan similar a la estructura molecular del agua que se vuelve invisible al fundirse en ella.',1),(160,135,'Jolteon',5,19,'Si se enfada o asusta, se le eriza el pelaje. Cada uno de sus pelos se convierte en una afilada púa que hace trizas al rival.',1),(161,136,'Flareon',7,19,'Una vez que ha almacenado el calor suficiente, puede alcanzar una temperatura de 900 ºC.',1),(162,137,'Porygon',11,19,'Se trata del primer Pokémon del mundo creado a partir de códigos de programación gracias al uso de tecnología de vanguardia.',1),(163,138,'Omanyte',14,2,'Un Pokémon de la era prehistórica, ahora extinto. Solía nadar moviendo sus diez tentáculos para desplazarse por el agua como si flotara.',1),(164,139,'Omastar',14,2,'Posee unos colmillos afilados con los que puede partir piedras, pero solo ataca a presas que se hallan al alcance de sus tentáculos.',1),(165,140,'Kabuto',14,2,'Se consideraba extinto, pero, al parecer, existen determinadas zonas en las que es posible hallar ejemplares con facilidad.',1),(166,141,'Kabutops',14,2,'Se desconoce el motivo de la extinción de este feroz Pokémon prehistórico que habitaba en los cálidos mares de antaño.',1),(167,142,'Aerodactyl',14,18,'Sus colmillos, afilados como sierras, pueden hacer trizas incluso la piel de Pokémon de tipo Acero.',1),(168,143,'Snorlax',11,19,'No se encuentra satisfecho hasta haber ingerido 400 kg de comida cada día. Cuando acaba de comer, se queda dormido.',1),(169,144,'Articuno',9,18,'Se dice que sus bellas alas azules se componen de hielo. Vuela en torno a las montañas nevadas con su larga cola al viento.',1),(170,145,'Zapdos',5,18,'Posee el poder de controlar la electricidad a su antojo. Según la creencia popular, anida oculto en oscuros nubarrones de tormenta.',1),(171,146,'Moltres',7,18,'Se cuenta que alguna vez ha iluminado el camino con sus alas flamígeras para rescatar a alguien que se había perdido en la montaña.',1),(172,147,'Dratini',4,19,'Habita en orillas junto a fuertes corrientes de agua, como bajo cascadas. Muda la piel una y otra vez a medida que crece.',1),(173,148,'Dragonair',4,19,'Acumula energía en las esferas de la cola para controlar el clima. La sutil aura que lo rodea le confiere un aspecto misterioso y místico.',1),(174,149,'Dragonite',4,18,'Un Pokémon bondadoso y compasivo al que le resulta imposible dar la espalda a Pokémon o humanos que se encuentren a la deriva.',1),(175,150,'Mewtwo',13,19,'Su ADN es casi el mismo que el de Mew. Sin embargo, su tamaño y carácter son muy diferentes.',1),(176,151,'Mew',13,19,'Si se observa a través de un microscopio, puede distinguirse cuán corto, fino y delicado es el pelaje de este Pokémon.',1);
/*!40000 ALTER TABLE `POKEMON` ENABLE KEYS */;
UNLOCK TABLES;

--
-- Table structure for table `TIPO`
--

DROP TABLE IF EXISTS `TIPO`;
/*!40101 SET @saved_cs_client     = @@character_set_client */;
/*!50503 SET character_set_client = utf8mb4 */;
CREATE TABLE `TIPO` (
  `id_tipo` int NOT NULL AUTO_INCREMENT,
  `tipo` varchar(45) DEFAULT NULL,
  PRIMARY KEY (`id_tipo`),
  UNIQUE KEY `tipo_UNIQUE` (`tipo`)
) ENGINE=InnoDB AUTO_INCREMENT=20 DEFAULT CHARSET=utf8mb4 COLLATE=utf8mb4_0900_ai_ci;
/*!40101 SET character_set_client = @saved_cs_client */;

--
-- Dumping data for table `TIPO`
--

LOCK TABLES `TIPO` WRITE;
/*!40000 ALTER TABLE `TIPO` DISABLE KEYS */;
INSERT INTO `TIPO` VALUES (1,'Acero'),(2,'Agua'),(3,'Bicho'),(4,'Dragón'),(5,'Eléctrico'),(6,'Fantasma'),(7,'Fuego'),(8,'Hada'),(9,'Hielo'),(10,'Lucha'),(19,'No tiene segundo tipo'),(11,'Normal'),(12,'Planta'),(13,'Psíquico'),(14,'Roca'),(15,'Siniestro'),(16,'Tierra'),(17,'Veneno'),(18,'Volador');
/*!40000 ALTER TABLE `TIPO` ENABLE KEYS */;
UNLOCK TABLES;

--
-- Table structure for table `USUARIO`
--

DROP TABLE IF EXISTS `USUARIO`;
/*!40101 SET @saved_cs_client     = @@character_set_client */;
/*!50503 SET character_set_client = utf8mb4 */;
CREATE TABLE `USUARIO` (
  `id_usuario` int NOT NULL AUTO_INCREMENT,
  `username` varchar(16) DEFAULT NULL,
  `password` varchar(16) DEFAULT NULL,
  `privileges` tinyint DEFAULT '0',
  PRIMARY KEY (`id_usuario`),
  UNIQUE KEY `username_UNIQUE` (`username`)
) ENGINE=InnoDB AUTO_INCREMENT=3 DEFAULT CHARSET=utf8mb4 COLLATE=utf8mb4_0900_ai_ci;
/*!40101 SET character_set_client = @saved_cs_client */;

--
-- Dumping data for table `USUARIO`
--

LOCK TABLES `USUARIO` WRITE;
/*!40000 ALTER TABLE `USUARIO` DISABLE KEYS */;
INSERT INTO `USUARIO` VALUES (1,'profesor-oak','123456',1),(2,'ash-ketchum','abc123',0);
/*!40000 ALTER TABLE `USUARIO` ENABLE KEYS */;
UNLOCK TABLES;
/*!40103 SET TIME_ZONE=@OLD_TIME_ZONE */;

/*!40101 SET SQL_MODE=@OLD_SQL_MODE */;
/*!40014 SET FOREIGN_KEY_CHECKS=@OLD_FOREIGN_KEY_CHECKS */;
/*!40014 SET UNIQUE_CHECKS=@OLD_UNIQUE_CHECKS */;
/*!40101 SET CHARACTER_SET_CLIENT=@OLD_CHARACTER_SET_CLIENT */;
/*!40101 SET CHARACTER_SET_RESULTS=@OLD_CHARACTER_SET_RESULTS */;
/*!40101 SET COLLATION_CONNECTION=@OLD_COLLATION_CONNECTION */;
/*!40111 SET SQL_NOTES=@OLD_SQL_NOTES */;

-- Dump completed on 2021-09-25 16:22:39
